Id,Label,timeset,bipartite,title,subjects,modularity_class,Degree,componentnumber,Weighted Degree,eigencentrality,clustering,triangles,Eccentricity,closnesscentrality,harmonicclosnesscentrality,betweenesscentrality,pageranks
1227,6339304,,1,"Pursuit of Honor (Mitch Rapp, #12)",None,3,207,0,16.523054,0.527751,0.647671,13809,2,0.628892,0.70495,114.347946,0.003938
91,777211,,1,"Executive Power (Mitch Rapp, #6)",None,3,245,0,16.339234,0.630244,0.579458,17320,2,0.660131,0.742574,198.016313,0.003895
2506,2761626,,1,"The Brass Verdict (Harry Bosch, #14; Mickey Haller, #2; Harry Bosch Universe, #18)",None,5,279,0,15.447621,0.714001,0.533354,20684,2,0.690834,0.776238,333.566823,0.003714
6427,49350,,1,"The Concrete Blonde (Harry Bosch, #3; Harry Bosch Universe, #3)",None,5,250,0,15.262484,0.650249,0.556498,17321,2,0.664474,0.747525,244.992142,0.003668
3324,184657,,1,"Memorial Day (Mitch Rapp, #7)",None,3,227,0,15.258798,0.588829,0.60255,15456,2,0.644955,0.724752,159.638099,0.003659
6143,504420,,1,"Protect and Defend (Mitch Rapp, #10)",None,3,218,0,15.207408,0.541458,0.599586,14182,2,0.637626,0.715842,167.482934,0.003651
4652,154424,,1,"Consent to Kill (Mitch Rapp, #8)",None,3,255,0,15.089856,0.64487,0.555226,17981,2,0.668874,0.752475,249.858188,0.003654
5870,937249,,1,"Separation of Power (Mitch Rapp, #5)",None,3,231,0,15.00334,0.606843,0.612347,16267,2,0.648267,0.728713,160.76476,0.003611
6437,409918,,1,"The Narrows (Harry Bosch, #10; Harry Bosch Universe, #13)",None,5,241,0,14.747923,0.623111,0.55816,16142,2,0.656697,0.738614,221.032961,0.00355
6453,85392,,1,Term Limits,None,3,200,0,14.672205,0.53643,0.667236,13278,2,0.623457,0.69802,88.105657,0.003499
6343,220969,,1,"Die Trying (Jack Reacher, #2)",None,3,291,0,14.63701,0.704362,0.490816,20710,2,0.702364,0.788119,438.226894,0.003576
178,184661,,1,"The Third Option (Mitch Rapp, #4)",None,3,219,0,14.632329,0.57019,0.617946,14751,2,0.638432,0.716832,138.371826,0.003502
286,26722,,1,"Act of Treason (Mitch Rapp, #9)",None,3,243,0,14.549979,0.619233,0.573105,16851,2,0.658409,0.740594,210.922957,0.003523
6283,9681098,,1,"The Fifth Witness (Mickey Haller, #4; Harry Bosch Universe, #22)",None,5,275,0,14.464723,0.705997,0.53351,20100,2,0.687075,0.772277,309.924776,0.003542
2875,3313418,,1,"Extreme Measures (Mitch Rapp, #11)",None,3,238,0,14.370398,0.608512,0.584867,16495,2,0.654145,0.735644,190.788838,0.003464
2061,58962,,1,"Trunk Music (Harry Bosch, #5; Harry Bosch Universe, #6)",None,5,228,0,14.208112,0.612558,0.60507,15658,2,0.64578,0.725743,156.434015,0.003413
1884,24244,,1,"The Black Ice (Harry Bosch, #2; Harry Bosch Universe, #2)",None,5,257,0,14.169674,0.665727,0.547149,17999,2,0.670651,0.754455,261.531068,0.003437
648,32504,,1,"Blood Work (Terry McCaleb, #1; Harry Bosch Universe, #8)",None,5,275,0,14.031641,0.711297,0.541845,20414,2,0.687075,0.772277,288.897796,0.003432
3602,49353,,1,"The Last Coyote (Harry Bosch, #4; Harry Bosch Universe, #4)",None,5,255,0,13.972027,0.663588,0.553806,17935,2,0.668874,0.752475,253.547956,0.003382
4585,84777,,1,"City of Bones (Harry Bosch, #8; Harry Bosch Universe, #10)",None,5,241,0,13.72772,0.635348,0.576867,16683,2,0.656697,0.738614,189.243643,0.003329
4445,108942,,1,"Bad Luck and Trouble (Jack Reacher, #11)",None,3,255,0,13.630367,0.657591,0.55254,17894,2,0.668874,0.752475,258.509305,0.003332
5763,220970,,1,"Tripwire  (Jack Reacher, #3)",None,3,271,0,13.433362,0.677596,0.530053,19392,2,0.683356,0.768317,314.747174,0.003299
3087,32505,,1,"The Closers (Harry Bosch, #11; Harry Bosch Universe, #14)",None,5,261,0,13.357636,0.676294,0.548276,18603,2,0.674232,0.758416,267.004166,0.003275
358,3410425,,1,"Divine Justice (Camel Club, #4)",None,3,229,0,13.262044,0.603723,0.614112,16032,2,0.646607,0.726733,178.371274,0.003258
5135,10428708,,1,"The Affair (Jack Reacher, #16)",None,3,216,0,13.165287,0.546486,0.590784,13718,2,0.63602,0.713861,163.09214,0.003212
4974,455925,,1,"Running Blind (Jack Reacher, #4)",None,3,243,0,12.970568,0.614446,0.557596,16395,2,0.658409,0.740594,233.213951,0.003199
4966,15791154,,1,"The Hit (Will Robie, #2)",None,3,227,0,12.888733,0.536335,0.534326,13706,2,0.644955,0.724752,301.597936,0.003236
6389,11597,,1,The Dark Half,None,2,245,0,12.883076,0.611053,0.567113,16951,2,0.660131,0.742574,224.538912,0.003402
2834,184655,,1,"Transfer of Power (Mitch Rapp, #3)",None,3,204,0,12.632633,0.527188,0.614749,12729,2,0.626551,0.70198,134.853592,0.003081
45,7959473,,1,"American Assassin (Mitch Rapp, #1)",None,3,238,0,12.604408,0.609553,0.573485,16174,2,0.654145,0.735644,198.603446,0.003098
3759,455930,,1,"Echo Burning (Jack Reacher, #5)",None,3,228,0,12.603442,0.57754,0.576088,14908,2,0.64578,0.725743,195.611074,0.003124
971,17660,,1,The Tommyknockers,None,2,241,0,12.575958,0.59601,0.564004,16311,2,0.656697,0.738614,228.939226,0.003341
3203,220968,,1,"One Shot (Jack Reacher, #9)",None,3,276,0,12.535421,0.678933,0.504216,19135,2,0.688011,0.773267,379.89404,0.003117
4032,627984,,1,"Stone Cold (Camel Club, #3)",None,3,234,0,12.503919,0.587676,0.566083,15432,2,0.650773,0.731683,255.21285,0.003112
952,32502,,1,"Angels Flight (Harry Bosch, #6; Harry Bosch Universe, #7)",None,5,179,0,12.472185,0.486906,0.660411,10521,2,0.607702,0.677228,77.245736,0.003033
4556,2260637,,1,"The Whole Truth (A. Shaw, #1)",None,3,204,0,12.288971,0.532301,0.636048,13170,2,0.626551,0.70198,115.151794,0.003036
4762,10816297,,1,"Kill Shot (Mitch Rapp, #2)",None,3,215,0,12.259079,0.54924,0.599696,13796,2,0.63522,0.712871,158.346375,0.003017
2478,8045080,,1,"Hell's Corner (Camel Club, #5)",None,3,178,0,12.138652,0.440559,0.645083,10162,2,0.606971,0.676238,119.463066,0.002998
951,15154,,1,"The Collectors (Camel Club, #2)",None,3,220,0,12.138046,0.558489,0.59589,14355,2,0.639241,0.717822,204.243859,0.003014
1167,5096,,1,"Wizard and Glass (The Dark Tower, #4)",None,2,270,0,12.120092,0.682851,0.54377,19747,2,0.682432,0.767327,280.958466,0.00315
6214,11602,,1,Hearts in Atlantis,None,2,236,0,12.07495,0.57615,0.55925,15508,2,0.652455,0.733663,238.878824,0.00323
5980,32501,,1,"Echo Park (Harry Bosch, #12; Harry Bosch Universe, #16)",None,5,203,0,12.040599,0.525741,0.581622,11925,2,0.625774,0.70099,156.045491,0.002959
6619,13495034,,1,"The Black Box (Harry Bosch, #16; Harry Bosch Universe, #24)",None,5,207,0,11.999849,0.526199,0.563201,12008,2,0.628892,0.70495,195.981386,0.002995
4009,59219,,1,"The Talisman (The Talisman, #1)",None,2,244,0,11.988614,0.625491,0.572792,16981,2,0.659269,0.741584,206.496195,0.00316
852,6977769,,1,"61 Hours (Jack Reacher, #14)",None,3,214,0,11.948368,0.560686,0.594796,13556,2,0.634422,0.711881,156.771461,0.002956
3737,14839,,1,Last Man Standing,None,3,236,0,11.894923,0.612353,0.584962,16221,2,0.652455,0.733663,205.918777,0.002971
2974,113138,,1,The Winner,None,3,209,0,11.881272,0.533179,0.61014,13262,2,0.630462,0.706931,149.38079,0.002959
2522,64862,,1,"R is for Ricochet (Kinsey Millhone, #18)",None,4,221,0,11.878496,0.545178,0.525586,12777,2,0.640051,0.718812,218.564634,0.003074
238,10629,,1,Christine,None,2,270,0,11.878145,0.681603,0.535509,19447,2,0.682432,0.767327,302.425904,0.003155
1035,5093,,1,"Song of Susannah (The Dark Tower, #6)",None,2,255,0,11.784496,0.65236,0.561649,18189,2,0.668874,0.752475,237.041961,0.003062
1029,8357992,,1,"Worth Dying For (Jack Reacher, #15)",None,3,215,0,11.784483,0.55458,0.589176,13554,2,0.63522,0.712871,162.067682,0.002911
2035,13573622,,1,"The Last Man (Mitch Rapp, #13)",None,3,190,0,11.762237,0.487291,0.63325,11370,2,0.615854,0.688119,112.209098,0.002934
3136,15159,,1,Absolute Power,None,3,297,0,11.761713,0.733514,0.502844,22103,2,0.708275,0.794059,442.047917,0.003005
375,472343,,1,Duma Key,None,2,230,0,11.725498,0.565588,0.577217,15201,2,0.647436,0.727723,198.343393,0.003106
463,10584,,1,Desperation,None,2,244,0,11.709478,0.623146,0.581023,17225,2,0.659269,0.741584,203.446552,0.0031
5526,76867,,1,"A Darkness More Than Night (Harry Bosch, #7; Terry McCaleb, #2; Harry Bosch Universe, #9)",None,5,205,0,11.650598,0.554051,0.616404,12889,2,0.627329,0.70297,118.031884,0.002849
3802,15158,,1,"The Camel Club (Camel Club, #1)",None,3,294,0,11.633297,0.722322,0.500197,21544,2,0.705307,0.791089,429.887288,0.002964
6256,7933437,,1,The Confession,None,3,236,0,11.605848,0.58877,0.540209,14980,2,0.652455,0.733663,275.636192,0.002914
788,85306,,1,"Hour Game (Sean King &#38; Michelle Maxwell, #2)",None,3,223,0,11.595067,0.57323,0.580414,14367,2,0.641677,0.720792,194.07302,0.002894
4293,64860,,1,"E is for Evidence (Kinsey Millhone, #5)",None,4,159,0,11.567051,0.384938,0.574477,7216,2,0.59342,0.657426,98.506797,0.002942
332,204276,,1,"Split Second (Sean King &#38; Michelle Maxwell, #1)",None,3,225,0,11.563658,0.564776,0.559484,14099,2,0.643312,0.722772,214.611956,0.002907
3172,830791,,1,The Simple Truth,None,3,193,0,11.531881,0.501969,0.653497,12108,2,0.618115,0.691089,103.518196,0.002854
1274,10566,,1,Lisey's Story,None,2,209,0,11.508625,0.532239,0.620077,13478,2,0.630462,0.706931,130.920513,0.00303
4270,206197,,1,"The First Commandment (Scot Harvath, #6)",None,3,209,0,11.500589,0.524444,0.59551,12944,2,0.630462,0.706931,173.8774,0.002928
2587,17333227,,1,"The Gods of Guilt (Mickey Haller, #5; Harry Bosch Universe, #25)",None,5,249,0,11.427625,0.611293,0.508032,15686,2,0.663601,0.746535,334.653586,0.002943
1237,7936809,,1,"The Reversal (Mickey Haller, #3; Harry Bosch Universe, #21)",None,5,208,0,11.41684,0.543849,0.579292,12471,2,0.629676,0.705941,165.21637,0.002841
3262,107291,,1,Needful Things,None,2,303,0,11.41497,0.742848,0.4947,22634,2,0.714286,0.8,475.082515,0.003052
5252,11082037,,1,"The Drop (Harry Bosch, #15; Harry Bosch Universe, #23)",None,5,209,0,11.360761,0.554838,0.599466,13030,2,0.630462,0.706931,149.167735,0.002845
557,13359067,,1,"A Wanted Man (Jack Reacher, #17)",None,3,163,0,11.321517,0.423149,0.674468,8905,2,0.596222,0.661386,68.251184,0.002817
3254,11573,,1,The Dead Zone,None,2,296,0,11.274266,0.715042,0.491044,21439,2,0.707283,0.793069,443.884271,0.003023
5645,13440,,1,Skeleton Crew,None,2,216,0,11.271162,0.531201,0.600043,13933,2,0.63602,0.713861,172.590205,0.003068
4036,18353714,,1,"The Target (Will Robie, #3)",None,3,217,0,11.246229,0.518073,0.536482,12573,2,0.636822,0.714851,233.016171,0.00287
6492,32692,,1,Gerald's Game,None,2,235,0,11.243318,0.576762,0.561629,15442,2,0.651613,0.732673,241.942853,0.003029
2284,4978,,1,"Wolves of the Calla (The Dark Tower, #5)",None,2,261,0,11.228791,0.665458,0.555732,18856,2,0.674232,0.758416,253.333444,0.002933
3061,10579,,1,Everything's Eventual: 14 Dark Tales,None,2,211,0,11.192013,0.512826,0.596886,13224,2,0.63204,0.708911,166.932769,0.002975
2145,21745,,1,"Without Fail (Jack Reacher, #6)",None,3,230,0,11.156243,0.591622,0.5558,14637,2,0.647436,0.727723,216.836716,0.002786
4759,2211221,,1,"Nothing to Lose (Jack Reacher, #12)",None,3,162,0,11.139613,0.419737,0.673185,8779,2,0.595519,0.660396,73.306472,0.002779
1283,206193,,1,"Takedown (Scot Harvath, #5)",None,3,185,0,11.135411,0.458749,0.631786,10753,2,0.612121,0.683168,125.05388,0.002826
3949,64857,,1,"D is for Deadbeat (Kinsey Millhone, #4)",None,4,188,0,11.118804,0.443511,0.517863,9103,2,0.614355,0.686139,218.562929,0.00288
5608,383028,,1,"The Hard Way (Jack Reacher, #10)",None,3,186,0,11.114268,0.47993,0.611276,10517,2,0.612864,0.684158,123.201481,0.0028
5328,9509287,,1,"The Sixth Man (Sean King &#38; Michelle Maxwell, #5)",None,3,168,0,11.06596,0.420698,0.684845,9607,2,0.599762,0.666337,86.804971,0.002785
6733,169211,,1,"F is for Fugitive (Kinsey Millhone, #6)",None,4,169,0,11.058268,0.414934,0.566005,8035,2,0.600476,0.667327,112.667908,0.002829
5379,233667,,1,Firestarter,None,2,266,0,11.043835,0.647287,0.514201,18123,2,0.678763,0.763366,350.854903,0.002973
5797,4494917,,1,"Gone Tomorrow (Jack Reacher, #13)",None,3,240,0,10.968293,0.610953,0.557601,15992,2,0.655844,0.737624,231.25155,0.002747
3477,12849385,,1,"The Innocent (Will Robie, #1)",None,3,269,0,10.966145,0.65056,0.511125,18424,2,0.681511,0.766337,407.775878,0.002804
6404,20881071,,1,"The Burning Room (Harry Bosch, #17; Harry Bosch Universe, #26)",None,5,214,0,10.960257,0.5413,0.560528,12775,2,0.634422,0.711881,184.907802,0.002789
3131,10603,,1,Cujo,None,2,277,0,10.946346,0.688759,0.519751,19868,2,0.68895,0.774257,348.526126,0.002929
2825,10628,,1,Night Shift,None,2,245,0,10.910307,0.612433,0.550284,16448,2,0.660131,0.742574,274.866702,0.00295
532,10605,,1,Thinner,None,2,228,0,10.897829,0.552263,0.554332,14345,2,0.64578,0.725743,219.743971,0.002989
1447,455941,,1,"Persuader (Jack Reacher, #7)",None,3,176,0,10.871789,0.455974,0.631948,9732,2,0.605516,0.674257,102.35247,0.002725
2867,133266,,1,Four Past Midnight,None,2,178,0,10.861325,0.425238,0.6348,10000,2,0.606971,0.676238,116.231627,0.002986
6689,206195,,1,"State of the Union (Scot Harvath, #3)",None,3,176,0,10.858185,0.448599,0.662792,10207,2,0.605516,0.674257,81.611591,0.002735
3970,93947,,1,"Simple Genius (Sean King &#38; Michelle Maxwell, #3)",None,3,193,0,10.844533,0.514004,0.660838,12244,2,0.618115,0.691089,110.363591,0.002716
5995,84785,,1,"The Overlook (Harry Bosch, #13; Harry Bosch Universe, #17)",None,5,152,0,10.740029,0.397218,0.637243,7313,2,0.588578,0.650495,72.124871,0.00265
4423,3613997,,1,The Associate,None,3,203,0,10.72325,0.524613,0.601863,12340,2,0.625774,0.70099,146.335716,0.002719
3730,1248179,,1,The Appeal,None,3,176,0,10.683626,0.471201,0.679935,10471,2,0.605516,0.674257,77.672863,0.0027
5840,226791,,1,Total Control,None,3,200,0,10.647346,0.533023,0.628442,12506,2,0.623457,0.69802,123.713828,0.002693
6255,5091,,1,"The Dark Tower (The Dark Tower, #7)",None,2,224,0,10.570057,0.572607,0.598935,14959,2,0.642494,0.721782,167.562388,0.002784
4238,10588,,1,Nightmares and Dreamscapes,None,2,199,0,10.547031,0.493575,0.588549,11595,2,0.622688,0.69703,158.5738,0.002895
4225,643962,,1,"L is for Lawless (Kinsey Millhone, #12)",None,4,174,0,10.47704,0.422426,0.554648,8348,2,0.604067,0.672277,131.550961,0.002759
3284,5413,,1,'Salem's Lot,None,2,265,0,10.468027,0.652902,0.525329,18376,2,0.677852,0.762376,321.55008,0.002905
3072,39662,,1,Different Seasons,None,2,326,0,10.420546,0.782403,0.466409,24708,2,0.738304,0.822772,608.99842,0.002802
3390,231562,,1,"The Enemy (Jack Reacher, #8)",None,3,256,0,10.417514,0.636371,0.53269,17387,2,0.669761,0.753465,291.836959,0.002624
849,5349,,1,The Rainmaker,None,3,320,0,10.409431,0.789804,0.482602,24632,2,0.731884,0.816832,517.239053,0.002715
5019,5356,,1,The King of Torts,None,3,215,0,10.405849,0.564285,0.609737,14027,2,0.63522,0.712871,144.350374,0.00266
3756,89165,,1,"J is for Judgment (Kinsey Millhone, #10)",None,4,208,0,10.404274,0.512481,0.543896,11709,2,0.629676,0.705941,187.171741,0.002751
1830,29154543,,1,"The Wrong Side of Goodbye (Harry Bosch, #19; Harry Bosch Universe, #28)",None,5,203,0,10.389097,0.481733,0.517339,10607,2,0.625774,0.70099,234.030535,0.002707
1765,34084,,1,"The Waste Lands (The Dark Tower, #3)",None,2,258,0,10.359193,0.653347,0.546406,18115,2,0.671543,0.755446,263.497776,0.002733
1134,102525,,1,"H is for Homicide (Kinsey Millhone, #8)",None,4,179,0,10.33539,0.435657,0.544473,8674,2,0.607702,0.677228,139.533182,0.002673
3296,64865,,1,"B is for Burglar  (Kinsey Millhone, #2)",None,4,188,0,10.322062,0.462262,0.546308,9603,2,0.614355,0.686139,151.613234,0.002663
2722,5351,,1,The Street Lawyer,None,3,259,0,10.314613,0.634909,0.518721,17331,2,0.672437,0.756436,336.646291,0.002679
2970,126507,,1,"Lost Light (Harry Bosch, #9; Harry Bosch Universe, #11)",None,5,163,0,10.260024,0.451038,0.667651,8815,2,0.596222,0.661386,61.729998,0.002553
2552,15842230,,1,"The Forgotten (John Puller, #2)",None,3,227,0,10.219388,0.57818,0.553351,14194,2,0.644955,0.724752,262.024445,0.002636
1506,11007587,,1,"Zero Day (John Puller, #1)",None,3,211,0,10.185187,0.524779,0.571474,12661,2,0.63204,0.708911,185.443246,0.002609
5237,5355,,1,The Chamber,None,3,304,0,10.183915,0.753842,0.49151,22637,2,0.715297,0.80099,461.247095,0.002658
3614,5348,,1,The Testament,None,3,246,0,10.14938,0.599533,0.51787,15606,2,0.660995,0.743564,304.632445,0.002634
4399,813214,,1,The Mist,None,2,218,0,10.106148,0.54644,0.603222,14268,2,0.637626,0.715842,169.731144,0.002731
793,64864,,1,"N is for Noose (Kinsey Millhone, #14)",None,4,190,0,10.07322,0.470152,0.550376,9882,2,0.615854,0.688119,151.276804,0.002662
1057,11600163,,1,The Litigators,None,3,206,0,10.063613,0.497047,0.564291,11915,2,0.628109,0.70396,212.518788,0.002612
2951,5094,,1,"The Drawing of the Three (The Dark Tower, #2)",None,2,264,0,10.063276,0.665084,0.536439,18623,2,0.676944,0.761386,298.662918,0.002664
1050,11566,,1,The Green Mile,None,2,374,0,10.053771,0.865053,0.423621,29548,2,0.794025,0.870297,1076.152969,0.002711
4215,7164343,,1,"The Lion (John Corey, #5)",None,3,180,0,9.971356,0.475099,0.680695,10966,2,0.608434,0.678218,80.256888,0.002527
194,8437667,,1,"Live Wire (Myron Bolitar, #10)",None,6,204,0,9.84097,0.507436,0.550227,11393,2,0.626551,0.70198,189.792462,0.00262
453,10585,,1,Insomnia,None,2,233,0,9.729391,0.584512,0.558754,15102,2,0.649936,0.730693,215.524111,0.002645
1883,257990,,1,"G is for Gumshoe (Kinsey Millhone, #7)",None,4,123,0,9.690986,0.30492,0.652939,4899,2,0.569335,0.621782,46.799128,0.0025
2303,78129,,1,"Killing Floor (Jack Reacher, #1)",None,3,326,0,9.623192,0.782174,0.466446,24710,2,0.738304,0.822772,607.489894,0.002487
6236,32508,,1,"The Black Echo (Harry Bosch, #1; Harry Bosch Universe, #1)",None,5,336,0,9.579738,0.805095,0.45478,25595,2,0.749258,0.832673,638.658834,0.002488
1834,24192,,1,The Runaway Jury,None,3,361,0,9.57668,0.851237,0.436504,28364,2,0.77812,0.857426,847.934493,0.002533
2260,10619,,1,Rose Madder,None,2,197,0,9.516318,0.486075,0.634155,12243,3,0.620393,0.694719,111.264377,0.002622
5993,25010281,,1,"The Crossing (Harry Bosch, #18; Mickey Haller, #6; Harry Bosch Universe, #27)",None,5,208,0,9.512943,0.50975,0.530007,11410,2,0.629676,0.705941,217.688339,0.002495
6339,11590,,1,'Salem's Lot,None,2,254,0,9.51203,0.604709,0.500233,16073,2,0.667989,0.751485,357.609323,0.002621
4014,13136,,1,"2nd Chance (Women's Murder Club, #2)",None,0,126,0,9.465882,0.255775,0.499556,3934,2,0.571267,0.624752,108.275525,0.00264
4177,32499,,1,The Pelican Brief,None,3,397,0,9.434518,0.92467,0.420108,33023,2,0.823817,0.893069,1082.352608,0.002529
4114,5350,,1,The Partner,None,3,262,0,9.405272,0.673735,0.53985,18458,2,0.675134,0.759406,294.223529,0.002458
5948,17262159,,1,"Never Go Back (Jack Reacher, #18)",None,3,182,0,9.382303,0.461746,0.572521,9430,2,0.609903,0.680198,157.247934,0.002427
4013,380975,,1,"K is for Killer (Kinsey Millhone, #11)",None,4,182,0,9.353753,0.452086,0.551575,9085,2,0.609903,0.680198,151.794875,0.002472
4768,5352,,1,The Summons,None,3,188,0,9.315985,0.488704,0.634885,11160,2,0.614355,0.686139,102.392595,0.002414
1415,11570,,1,Dreamcatcher,None,2,211,0,9.307953,0.552167,0.629655,13950,2,0.63204,0.708911,132.254004,0.002516
3552,11564,,1,The Girl Who Loved Tom Gordon,None,2,201,0,9.28518,0.515454,0.637512,12814,2,0.624227,0.69901,114.904105,0.002529
5704,10614,,1,Misery,None,2,361,0,9.218947,0.842874,0.432241,28087,2,0.77812,0.857426,881.834834,0.002545
1554,643974,,1,"I is for Innocent (Kinsey Millhone, #9)",None,4,148,0,9.185618,0.367167,0.59487,6471,2,0.585847,0.646535,82.38027,0.002413
4917,2029927,,1,"Odd Hours (Odd Thomas, #4)",None,2,151,0,9.180417,0.398312,0.739779,8378,2,0.587893,0.649505,42.770358,0.002459
3748,10589,,1,Bag of Bones,None,2,207,0,9.124511,0.516906,0.593687,12658,2,0.628892,0.70495,156.254595,0.002508
3863,5509321,,1,"First Family (Sean King &#38; Michelle Maxwell, #4)",None,3,166,0,9.061965,0.430504,0.670391,9181,2,0.598341,0.664356,95.672267,0.002327
5506,6320534,,1,Under the Dome,None,2,269,0,9.058546,0.66461,0.529684,19093,2,0.681511,0.766337,338.276713,0.002471
1416,32506,,1,"The Poet (Jack McEvoy, #1; Harry Bosch Universe, #5)",None,5,233,0,9.015452,0.607745,0.5498,14860,2,0.649936,0.730693,207.336342,0.002344
814,2906039,,1,Just After Sunset,None,2,159,0,8.993244,0.397444,0.686808,8627,2,0.59342,0.657426,77.295823,0.0025
2323,4110198,,1,"The 8th Confession (Women's Murder Club, #8)",None,0,79,0,8.986962,0.146899,0.600454,1850,2,0.542427,0.578218,33.40775,0.002517
10,10607,,1,"Black House (The Talisman, #2)",None,2,204,0,8.957046,0.525353,0.626823,12979,3,0.625774,0.70165,126.606248,0.002485
1786,5739373,,1,"The Defector (Gabriel Allon, #9)",None,3,141,0,8.954157,0.358772,0.7231,7137,3,0.579128,0.638614,60.457866,0.002334
6129,89656,,1,"C is for Corpse  (Kinsey Millhone, #3)",None,4,167,0,8.953332,0.43464,0.608903,8440,2,0.599051,0.665347,100.888963,0.002365
755,11607,,1,The Running Man,None,2,222,0,8.91711,0.551187,0.569198,13963,2,0.640863,0.719802,200.151295,0.002516
4561,7156505,,1,"The 9th Judgment  (Women's Murder Club, #9)",None,0,80,0,8.889387,0.159419,0.62943,1989,2,0.543011,0.579208,37.469871,0.002504
4992,232123,,1,"All That Remains (Kay Scarpetta, #3)",None,4,243,0,8.878491,0.600616,0.500323,14711,2,0.658409,0.740594,319.509602,0.002438
752,12341557,,1,"The Wind Through the Keyhole (The Dark Tower, #4.5)",None,2,200,0,8.804524,0.505889,0.626683,12471,2,0.623457,0.69802,120.201757,0.002392
2084,149267,,1,The Stand,None,2,368,0,8.801253,0.858361,0.428489,28935,2,0.786604,0.864356,991.883363,0.002429
161,15157,,1,Saving Faith,None,3,154,0,8.800669,0.413965,0.722604,8513,2,0.589953,0.652475,49.92518,0.002254
3667,5354,,1,The Brethren,None,3,208,0,8.79932,0.536946,0.58612,12618,2,0.629676,0.705941,164.484925,0.002321
2599,43933,,1,Tell No One,None,6,295,0,8.795035,0.691306,0.460579,19973,2,0.706294,0.792079,525.00284,0.002383
5971,21445,,1,"The 5th Horseman (Women's Murder Club, #5)",None,0,83,0,8.785876,0.16413,0.601822,2048,2,0.544768,0.582178,39.741878,0.002479
118,6681454,,1,Caught,None,6,191,0,8.785299,0.469142,0.558832,10140,2,0.616606,0.689109,164.740586,0.00237
6478,1110,,1,The Broker,None,3,206,0,8.700339,0.529461,0.592091,12502,2,0.628109,0.70396,156.812509,0.0023
5860,43930,,1,Gone for Good,None,6,218,0,8.682448,0.52244,0.504629,11936,2,0.637626,0.715842,263.904144,0.002344
939,552894,,1,"7th Heaven (Women's Murder Club, #7)",None,0,79,0,8.657852,0.146899,0.600454,1850,2,0.542427,0.578218,33.40775,0.002433
4452,206196,,1,"The Lions of Lucerne (Scot Harvath, #1)",None,3,185,0,8.631139,0.456321,0.608343,10354,2,0.612121,0.683168,147.513869,0.002298
3034,5359,,1,The Client,None,3,390,0,8.62547,0.893503,0.408042,30952,2,0.814516,0.886139,1161.521911,0.002334
6668,5346,,1,The Last Juror,None,3,187,0,8.574223,0.460016,0.590593,10271,2,0.613609,0.685149,139.54425,0.002258
4164,37304,,1,"Winter Prey (Lucas Davenport, #5)",None,5,200,0,8.553326,0.529384,0.572111,11385,2,0.623457,0.69802,140.318162,0.002315
6167,32435,,1,Phantoms,None,2,238,0,8.542924,0.640231,0.591816,16691,2,0.654145,0.735644,191.111791,0.002334
251,33668,,1,"4th of July (Women's Murder Club, #4)",None,0,104,0,8.518518,0.213358,0.539582,2890,2,0.557395,0.60297,70.916867,0.002394
2511,6413193,,1,"Nine Dragons (Harry Bosch, #14; Harry Bosch Universe, #20)",None,5,159,0,8.514081,0.425729,0.639758,8036,2,0.59342,0.657426,79.748195,0.002178
1885,13132,,1,"3rd Degree (Women's Murder Club, #3)",None,0,87,0,8.505717,0.175566,0.582999,2181,2,0.547129,0.586139,45.459473,0.00241
3209,10567,,1,Cell,None,2,206,0,8.48649,0.520926,0.624864,13194,2,0.628109,0.70396,143.747465,0.002338
2197,13596166,,1,Joyland,None,2,234,0,8.46633,0.597147,0.573347,15630,2,0.650773,0.731683,218.666312,0.002348
3409,79885,,1,"The Lincoln Lawyer (Mickey Haller, #1; Harry Bosch Universe, #15)",None,5,314,0,8.410253,0.752072,0.466209,22910,2,0.725575,0.810891,563.996479,0.002261
6360,9975779,,1,"Portrait of a Spy (Gabriel Allon, #11)",None,3,156,0,8.367833,0.384068,0.641687,7758,2,0.591335,0.654455,119.433542,0.002242
6657,16433,,1,"Forever Odd (Odd Thomas, #2)",None,2,203,0,8.335483,0.529335,0.60279,12359,2,0.625774,0.70099,140.779896,0.002267
4932,10611,,1,The Eyes of the Dragon,None,2,207,0,8.332875,0.531288,0.594297,12671,2,0.628892,0.70495,153.559067,0.002292
3797,85379,,1,"Cruel &#38; Unusual (Kay Scarpetta, #4)",None,4,221,0,8.323299,0.536433,0.504484,12264,2,0.640051,0.718812,261.918361,0.002335
1026,16429,,1,The Husband,None,2,165,0,8.315049,0.432791,0.710495,9613,2,0.597633,0.663366,59.305101,0.002312
1435,43927,,1,No Second Chance,None,6,154,0,8.312146,0.346644,0.533147,6281,2,0.589953,0.652475,134.72854,0.002248
5549,6534,,1,"Postmortem (Kay Scarpetta, #1)",None,4,317,0,8.242888,0.759242,0.459969,23038,2,0.728716,0.813861,620.029367,0.002284
4520,10592,,1,Carrie,None,2,349,0,8.231021,0.810397,0.430228,26126,2,0.763994,0.845545,937.04847,0.002305
4513,79379,,1,"Violets Are Blue (Alex Cross, #7)",None,0,113,0,8.220673,0.256873,0.584703,3700,2,0.562988,0.611881,61.145512,0.002323
6341,132336,,1,"Body of Evidence (Kay Scarpetta, #2)",None,4,218,0,8.198951,0.559515,0.539086,12751,2,0.637626,0.715842,211.608891,0.002248
6739,10583,,1,Pet Sematary,None,2,253,0,8.195523,0.622652,0.51741,16494,2,0.667107,0.750495,329.56036,0.002284
4746,17288661,,1,"Sycamore Row (Jake Brigance, #2)",None,3,238,0,8.140545,0.555254,0.49977,14095,2,0.654145,0.735644,344.942168,0.002165
3140,2177236,,1,Hold Tight,None,6,172,0,8.138284,0.394408,0.524004,7706,2,0.602625,0.670297,152.970712,0.002207
6662,6588,,1,"The Big Bad Wolf  (Alex Cross, #9)",None,0,145,0,8.12527,0.334199,0.528448,5517,2,0.583815,0.643564,110.327341,0.002291
3165,85418,,1,Just One Look,None,6,168,0,8.091648,0.391373,0.524736,7361,2,0.599762,0.666337,150.519352,0.002197
4487,87745,,1,Wish You Well,None,3,178,0,8.086389,0.467289,0.653209,10290,2,0.606971,0.676238,83.039051,0.002116
2940,43615,,1,The Gunslinger,None,2,278,0,8.077761,0.678961,0.507649,19546,2,0.689891,0.775248,421.601774,0.002236
6066,5358,,1,The Firm,None,3,429,0,8.074138,0.95852,0.385182,35362,2,0.869191,0.924752,1543.714302,0.002214
3826,20767918,,1,"The Escape (John Puller, #3)",None,3,153,0,8.02402,0.373289,0.630719,7334,2,0.589265,0.651485,95.290631,0.002136
1201,7912007,,1,"Full Dark, No Stars",None,2,175,0,8.018425,0.42492,0.63908,9730,2,0.60479,0.673267,108.147392,0.002274
4633,43924,,1,"Promise Me (Myron Bolitar, #8)",None,6,149,0,8.001948,0.378253,0.644749,7109,2,0.586527,0.647525,70.834783,0.002137
3831,33808,,1,"The Lion's Game (John Corey, #2)",None,3,163,0,8.001663,0.432326,0.696963,9202,2,0.596222,0.661386,66.484856,0.002112
2664,43931,,1,The Woods,None,6,218,0,7.981121,0.50839,0.48979,11585,2,0.637626,0.715842,289.998245,0.002185
122,32423,,1,Watchers,None,2,291,0,7.963162,0.714241,0.499704,21085,2,0.702364,0.788119,433.051527,0.002264
1791,37301,,1,"Rules of Prey (Lucas Davenport, #1)",None,5,242,0,7.955228,0.619025,0.526045,15340,2,0.657552,0.739604,264.899165,0.002192
378,15722284,,1,"Saint Odd (Odd Thomas, #7)",None,5,217,0,7.873838,0.589587,0.615805,14432,2,0.636822,0.714851,133.50652,0.002073
3432,14785,,1,"Chosen Prey (Lucas Davenport, #12)",None,5,149,0,7.863753,0.398733,0.652186,7191,2,0.586527,0.647525,59.321699,0.002114
4107,43928,,1,"Deal Breaker (Myron Bolitar, #1)",None,6,147,0,7.805447,0.369944,0.634051,6804,2,0.585168,0.645545,73.176526,0.002083
982,13140,,1,"Jack &#38; Jill (Alex Cross, #3)",None,0,126,0,7.795485,0.276273,0.543365,4279,2,0.571267,0.624752,94.669035,0.002234
2440,26245853,,1,"The Last Mile (Amos Decker, #2)",None,3,200,0,7.741036,0.510812,0.591206,11765,2,0.623457,0.69802,144.271143,0.002068
4414,6537,,1,"From Potter's Field (Kay Scarpetta, #6)",None,4,154,0,7.687558,0.371341,0.555471,6544,2,0.589953,0.652475,124.690301,0.0022
3081,9014,,1,The Long Walk,None,2,237,0,7.682835,0.586537,0.542766,15179,2,0.653299,0.734653,245.15561,0.00216
6178,6531,,1,"Point of Origin (Kay Scarpetta, #9)",None,4,142,0,7.637478,0.338065,0.555988,5566,2,0.581797,0.640594,96.097186,0.0022
4133,64854,,1,"M is for Malice (Kinsey Millhone, #13)",None,4,229,0,7.636584,0.564786,0.513598,13408,2,0.646607,0.726733,252.176052,0.002094
935,232145,,1,"Unnatural Exposure (Kay Scarpetta, #8)",None,4,165,0,7.61585,0.388795,0.514191,6957,2,0.597633,0.663366,157.366237,0.002185
4440,18342,,1,It,None,2,260,0,7.546985,0.610917,0.478646,16116,2,0.673333,0.757426,413.268554,0.002133
5339,10617,,1,The Bachman Books,None,2,187,0,7.538586,0.461413,0.610948,10625,2,0.613609,0.685149,142.762585,0.00219
1535,216131,,1,"Secret Prey (Lucas Davenport, #9)",None,5,138,0,7.530402,0.346884,0.604358,5713,2,0.579128,0.636634,71.129985,0.002062
1922,13151,,1,"London Bridges (Alex Cross, #10)",None,0,118,0,7.526717,0.265201,0.554252,3826,2,0.566143,0.616832,96.280183,0.002156
6005,6539,,1,"The Body Farm (Kay Scarpetta, #5)",None,4,174,0,7.508541,0.41758,0.528935,7961,2,0.604067,0.672277,175.626761,0.002153
4935,32441,,1,The Good Guy,None,2,142,0,7.464974,0.378937,0.706723,7075,2,0.581797,0.640594,51.720503,0.002121
720,281433,,1,Tick Tock,None,2,156,0,7.420864,0.417508,0.720678,8713,2,0.591335,0.654455,48.865605,0.002098
775,21720,,1,"Beyond Reach (Grant County, #6)",None,6,125,0,7.412196,0.310304,0.618194,4791,2,0.570621,0.623762,50.177214,0.002109
3073,32507,,1,Chasing the Dime,None,5,122,0,7.389137,0.310338,0.609809,4501,2,0.568694,0.620792,48.89733,0.001977
4983,34390820,,1,"Two Kinds of Truth (Harry Bosch, #20; Harry Bosch Universe, #30)",None,5,208,0,7.38757,0.523421,0.554255,11932,2,0.629676,0.705941,196.742013,0.001987
6550,39030,,1,"Reliquary (Pendergast, #2)",None,1,148,0,7.344688,0.387396,0.634859,6906,2,0.585847,0.646535,77.74482,0.002115
5447,38204691,,1,"Dark Sacred Night (Harry Bosch, #21; Ren&#233;e Ballard, #2; Harry Bosch Universe, #31)",None,5,158,0,7.325415,0.40772,0.648472,8043,2,0.592723,0.656436,95.240774,0.001981
269,7096123,,1,"The Rembrandt Affair (Gabriel Allon, #10)",None,3,139,0,7.32116,0.35078,0.70587,6770,2,0.579793,0.637624,67.012149,0.001989
2369,9635495,,1,"Fallen (Will Trent, #5)",None,6,119,0,7.31791,0.288363,0.618288,4341,2,0.566779,0.617822,47.144902,0.002095
6651,10596,,1,The Regulators,None,2,170,0,7.288557,0.438496,0.641281,9212,2,0.60119,0.668317,91.579457,0.002083
3615,32542,,1,"A Time to Kill (Jake Brigance, #1)",None,3,456,0,7.283586,1,0.37032,38417,2,0.911552,0.951485,1884.711057,0.002034
46,14996,,1,"Brother Odd (Odd Thomas, #3)",None,2,183,0,7.2287,0.484767,0.619948,10324,2,0.610641,0.681188,102.489431,0.002013
2277,33810,,1,"Plum Island (John Corey, #1)",None,3,170,0,7.200973,0.446512,0.649704,9333,2,0.60119,0.668317,99.237182,0.001935
5022,425029,,1,Presumed Innocent (Kindle County Legal Thriller #1),None,3,265,0,7.189241,0.66668,0.511521,17893,2,0.677852,0.762376,332.961954,0.002005
3347,43932,,1,"Drop Shot (Myron Bolitar, #2)",None,6,129,0,7.178729,0.330241,0.670664,5537,2,0.573212,0.627723,47.352301,0.001934
4787,14995,,1,"Odd Thomas (Odd Thomas, #1)",None,2,319,0,7.137546,0.772188,0.471876,23934,2,0.730825,0.815842,576.023719,0.002038
4056,98427,,1,The General's Daughter,None,3,206,0,7.09272,0.536841,0.586171,12377,2,0.628109,0.70396,149.235723,0.001945
2532,126232,,1,Jaws (Jaws #1),None,2,287,0,7.082579,0.722381,0.507468,20827,2,0.698479,0.784158,415.274768,0.002035
426,13131,,1,"The 6th Target (Women's Murder Club, #6)",None,0,69,0,7.062309,0.12769,0.607417,1425,2,0.536663,0.568317,34.538413,0.002066
3070,28077464,,1,Night School (Jack Reacher #21),None,3,160,0,7.048551,0.407629,0.676651,8607,2,0.594118,0.658416,84.957681,0.001922
1985,10625,,1,Dolores Claiborne,None,2,151,0,7.032311,0.392325,0.726004,8222,2,0.587893,0.649505,49.886313,0.00202
2824,2373,,1,"The Bone Collector (Lincoln Rhyme, #1)",None,5,302,0,7.011573,0.728864,0.467844,21264,2,0.713277,0.79901,531.894092,0.001998
5884,13137,,1,"1st to Die (Women's Murder Club, #1)",None,0,305,0,6.921602,0.692735,0.425108,19708,2,0.716312,0.80198,708.29688,0.001992
972,12191246,,1,"Second Son (Jack Reacher, #15.5)",None,3,183,0,6.913321,0.479035,0.588963,9808,2,0.610641,0.681188,152.060309,0.001881
2273,13153,,1,Hide and Seek,None,0,175,0,6.908737,0.415602,0.516782,7868,2,0.60479,0.673267,159.844636,0.001976
5853,15676,,1,Strangers,None,2,177,0,6.870437,0.477528,0.643233,10019,2,0.606242,0.675248,90.446669,0.001959
4577,2199587,,1,"Fractured (Will Trent, #2)",None,6,132,0,6.86625,0.33236,0.612075,5292,2,0.575171,0.630693,62.568218,0.001989
1440,13143,,1,"Pop Goes the Weasel (Alex Cross, #5)",None,0,115,0,6.821283,0.261523,0.58566,3839,2,0.564246,0.613861,61.687342,0.001996
37,84736,,1,"Mary, Mary (Alex Cross, #11)",None,0,101,0,6.805129,0.217129,0.587129,2965,2,0.555556,0.6,53.858234,0.001996
3246,79378,,1,"Roses are Red (Alex Cross, #6)",None,0,107,0,6.786057,0.232648,0.581732,3299,2,0.559247,0.605941,61.574604,0.002007
3551,136637,,1,"Brimstone (Pendergast, #5; Diogenes, #1)",None,1,124,0,6.780052,0.324593,0.714792,5451,2,0.569977,0.622772,44.024554,0.001955
1706,34121119,,1,Camino Island (Camino Island #1),None,3,163,0,6.762749,0.398548,0.587139,7752,2,0.596222,0.661386,128.667698,0.001862
4366,23664710,,1,"Make Me (Jack Reacher, #20)",None,3,158,0,6.747542,0.415777,0.640571,7945,2,0.592723,0.656436,72.103032,0.001808
4357,231604,,1,"D&#233;j&#224; Dead (Temperance Brennan, #1)",None,4,250,0,6.711503,0.591163,0.471486,14675,2,0.664474,0.747525,382.762838,0.00198
2107,67035,,1,"Relic (Pendergast, #1)",None,1,214,0,6.706423,0.551303,0.555439,12659,2,0.634422,0.711881,216.074079,0.001985
737,29493393,,1,"Order to Kill (Mitch Rapp, #15)",None,3,122,0,6.663127,0.301744,0.720499,5318,3,0.568054,0.620462,35.095342,0.001816
2196,136638,,1,"Dance of Death (Pendergast, #6; Diogenes, #2)",None,1,116,0,6.611827,0.305759,0.74063,4940,2,0.564877,0.614851,32.189596,0.00191
6174,10644930,,1,11/22/1963,None,2,364,0,6.60748,0.855848,0.433824,28661,2,0.781734,0.860396,992.341098,0.001889
3088,11588,,1,The Shining,None,2,422,0,6.60354,0.939156,0.384033,34114,2,0.858844,0.917822,1651.750731,0.001907
2661,23153154,,1,"Memory Man (Amos Decker, #1)",None,3,206,0,6.593737,0.521458,0.576083,12164,2,0.628109,0.70396,168.549231,0.001809
6701,16130549,,1,Doctor Sleep,None,2,235,0,6.58812,0.575328,0.541298,14883,2,0.651613,0.732673,286.868495,0.00191
2912,7093222,,1,"Broken (Will Trent, #4)",None,6,108,0,6.573791,0.253982,0.623572,3603,2,0.559867,0.606931,40.135245,0.00192
5741,123598,,1,"Black Notice (Kay Scarpetta, #10)",None,4,137,0,6.56786,0.348336,0.606805,5653,2,0.578465,0.635644,75.501359,0.00192
2914,32432,,1,"Fear Nothing (Moonlight Bay, #1)",None,2,149,0,6.508497,0.402819,0.724469,7988,2,0.586527,0.647525,54.741203,0.001877
6707,32263,,1,"The Surgeon (Rizzoli &#38; Isles, #1)",None,0,243,0,6.492321,0.552432,0.455668,13398,2,0.658409,0.740594,418.820269,0.001937
2832,182012,,1,"Indelible (Grant County, #4)",None,6,90,0,6.452488,0.208773,0.66392,2659,2,0.548913,0.589109,23.420452,0.001885
6182,13145,,1,"Along Came a Spider (Alex Cross, #1)",None,0,353,0,6.421732,0.795827,0.404037,25102,2,0.768645,0.849505,1057.109476,0.001869
1478,259538,,1,"Outbreak (Dr. Marissa Blumenthal, #1)",None,3,198,0,6.380199,0.519363,0.57263,11168,2,0.621921,0.69604,143.812549,0.001833
780,32421,,1,Velocity,None,2,182,0,6.379621,0.486267,0.590553,9727,2,0.609903,0.680198,129.62955,0.001796
3800,21718,,1,"Blindsighted (Grant County, #1)",None,6,163,0,6.358457,0.405928,0.561463,7413,2,0.596222,0.661386,111.105851,0.001871
4969,7675,,1,Disclosure,None,3,194,0,6.356551,0.522448,0.617168,11554,2,0.618873,0.692079,109.290911,0.001798
5134,226162,,1,The Omen,None,2,183,0,6.311768,0.469637,0.621269,10346,2,0.610641,0.681188,116.596833,0.001918
3565,20926278,,1,Revival,None,2,168,0,6.288576,0.420299,0.672797,9438,2,0.599762,0.666337,83.255185,0.001849
5457,32682,,1,"Patriot Games (Jack Ryan, #1)",None,3,272,0,6.263151,0.682885,0.506973,18685,2,0.684282,0.769307,369.081995,0.001797
1738,5764902,,1,"Undone (Will Trent, #3)",None,6,104,0,6.258873,0.273455,0.683906,3663,2,0.557395,0.60297,30.50885,0.001845
1185,293101,,1,The Amityville Horror,None,2,206,0,6.251225,0.52276,0.574757,12136,2,0.628109,0.70396,188.371084,0.00188
1249,552887,,1,"Double Cross (Alex Cross, #13)",None,0,99,0,6.244525,0.238674,0.644197,3125,2,0.554336,0.59802,34.614521,0.001807
6576,64863,,1,"A is for Alibi (Kinsey Millhone, #1)",None,4,245,0,6.231732,0.581446,0.480228,14354,2,0.660131,0.742574,337.734408,0.001784
3001,93794,,1,"The Kill Artist (Gabriel Allon, #1)",None,3,165,0,6.166692,0.450443,0.668514,9045,2,0.597633,0.663366,71.260628,0.001707
3780,13148,,1,"Kiss the Girls (Alex Cross, #2)",None,0,322,0,6.15584,0.745498,0.428649,22153,2,0.734012,0.818812,754.801226,0.001797
3787,5357,,1,Skipping Christmas,None,3,118,0,6.151862,0.313102,0.732001,5053,2,0.566143,0.616832,33.364303,0.001692
2405,34019122,,1,"Past Tense (Jack Reacher, #23)",None,3,133,0,6.146526,0.31443,0.620984,5451,2,0.575827,0.631683,82.058831,0.001748
5903,33378951,,1,"The Midnight Line (Jack Reacher, #22)",None,3,143,0,6.146282,0.343112,0.589481,5985,2,0.582468,0.641584,107.494623,0.001757
420,136641,,1,Tyrannosaur Canyon (Wyman Ford #1),None,3,172,0,6.143639,0.459144,0.623351,9167,2,0.602625,0.670297,106.35339,0.001773
3379,13128,,1,"Cross (Alex Cross, #12)",None,0,113,0,6.132887,0.241563,0.543458,3439,2,0.562988,0.611881,76.103668,0.001813
1664,23807,,1,"The Silence of the Lambs  (Hannibal Lecter, #2)",None,2,349,0,6.103549,0.7944,0.41875,25429,2,0.763994,0.845545,967.239071,0.001809
4190,228296,,1,"Rosemary's Baby (Rosemary's Baby, #1)",None,2,199,0,6.075015,0.515511,0.589107,11606,2,0.622688,0.69703,166.684157,0.001815
823,32258,,1,"Body Double (Rizzoli &#38; Isles, #4)",None,0,139,0,6.074803,0.304875,0.497133,4768,2,0.579793,0.637624,135.377625,0.001877
3348,22076,,1,From a Buick 8,None,2,108,0,6.05842,0.269371,0.785047,4536,3,0.558011,0.605941,21.134995,0.001794
3590,353814,,1,The Charm School,None,3,160,0,6.044079,0.426744,0.658805,8380,2,0.594118,0.658416,76.77692,0.001703
2169,13130,,1,Judge &#38; Jury,None,0,125,0,6.040808,0.275595,0.560645,4345,3,0.569977,0.623432,82.914953,0.001812
6183,320167,,1,"The Last Precinct (Kay Scarpetta, #11)",None,4,130,0,6.029441,0.316831,0.5839,4896,2,0.573864,0.628713,79.311334,0.001788
3927,21719,,1,"Kisscut (Grant County, #2)",None,6,86,0,6.017613,0.207889,0.640219,2340,2,0.546537,0.585149,23.320748,0.00178
6606,179780,,1,The Exorcist,None,2,250,0,6.004969,0.615036,0.509847,15869,2,0.664474,0.747525,368.198099,0.001813
1403,9682816,,1,Kill Me If You Can,None,0,117,0,5.988654,0.240391,0.502063,3407,2,0.56551,0.615842,94.125968,0.001794
4818,15729539,,1,NOS4A2,None,2,189,0,5.982447,0.476021,0.610098,10839,2,0.615104,0.687129,148.259572,0.001783
1857,379316,,1,The Darkest Evening of the Year,None,2,119,0,5.979267,0.304211,0.725538,5094,3,0.566143,0.617492,40.21014,0.001761
1639,5360,,1,A Painted House,None,3,212,0,5.970154,0.529022,0.523786,11715,2,0.632832,0.709901,222.148361,0.001704
324,21436,,1,"Cat and Mouse (Alex Cross, #4)",None,0,107,0,5.969447,0.261298,0.627932,3561,3,0.558628,0.605611,42.30001,0.001754
1833,20263040,,1,"Personal (Jack Reacher, #19)",None,3,113,0,5.95037,0.282316,0.684893,4334,2,0.562988,0.611881,34.304827,0.001675
6056,7278752,,1,Dolores Claiborne,None,2,149,0,5.947101,0.399668,0.727009,8016,2,0.586527,0.647525,52.688821,0.001747
1716,7134202,,1,"Private (Private, #1)",None,0,152,0,5.940042,0.331127,0.485884,5576,2,0.588578,0.650495,166.850454,0.00173
1868,13573236,,1,The Racketeer,None,3,166,0,5.92468,0.404641,0.600073,8218,2,0.598341,0.664356,135.442928,0.001659
2638,7668,,1,Rising Sun,None,3,166,0,5.897237,0.457936,0.661628,9061,2,0.598341,0.664356,72.852594,0.001687
5431,32255,,1,"Vanish (Rizzoli &#38; Isles, #5)",None,0,185,0,5.879976,0.425927,0.483901,8236,2,0.612121,0.683168,235.481225,0.001798
4279,29354916,,1,"The Whistler (The Whistler, #1)",None,3,176,0,5.849508,0.420965,0.54974,8466,2,0.605516,0.674257,161.301784,0.00165
918,12922320,,1,"Criminal (Will Trent, #6)",None,6,123,0,5.843649,0.298099,0.566707,4252,2,0.569335,0.621782,63.836643,0.001727
382,32669,,1,"Clear and Present Danger (Jack Ryan, #5)",None,3,258,0,5.81338,0.652313,0.510029,16909,2,0.671543,0.755446,329.412984,0.001688
1434,5347,,1,Bleachers,None,3,148,0,5.755778,0.397619,0.723479,7870,2,0.585847,0.646535,51.394476,0.001623
1813,128759,,1,"Fatal Voyage (Temperance Brennan, #4)",None,4,166,0,5.748004,0.415573,0.585907,8024,2,0.598341,0.664356,123.458353,0.001748
1247,21722,,1,"Faithless (Grant County, #5)",None,6,84,0,5.741683,0.210338,0.711704,2481,2,0.545356,0.583168,15.217807,0.001702
2929,32424,,1,Lightning,None,2,137,0,5.73027,0.368867,0.7383,6878,3,0.577803,0.635314,46.983054,0.001672
5345,349473,,1,Blaze,None,2,128,0,5.697629,0.323323,0.771161,6268,3,0.571914,0.626403,28.159949,0.001712
25,185911,,1,"When the Bough Breaks (Alex Delaware, #1)",None,5,187,0,5.691681,0.507083,0.617043,10731,2,0.613609,0.685149,102.463073,0.00162
19,7510,,1,The Beach House,None,0,111,0,5.665735,0.229758,0.554955,3388,2,0.561735,0.609901,68.34533,0.001716
248,93793,,1,"The Messenger (Gabriel Allon, #6)",None,3,112,0,5.643305,0.280755,0.711712,4424,3,0.560488,0.609901,44.922218,0.00164
2925,5345,,1,The Innocent Man: Murder and Injustice in a Small Town,None,3,142,0,5.641561,0.37136,0.624213,6249,2,0.581797,0.640594,71.103775,0.001607
2116,1205297,,1,Playing for Pizza,None,3,140,0,5.639051,0.367576,0.743782,7237,2,0.58046,0.638614,43.378564,0.001589
6400,28877,,1,"Red Dragon (Hannibal Lecter, #1)",None,2,290,0,5.62995,0.686583,0.467152,19576,2,0.701389,0.787129,544.991092,0.0017
2716,92364,,1,Eye of the Needle,None,3,256,0,5.584342,0.630872,0.519363,16952,2,0.669761,0.753465,330.738898,0.001616
1956,45169,,1,"Step on a Crack (Michael Bennett, #1)",None,0,121,0,5.535865,0.273535,0.542011,3935,2,0.568054,0.619802,68.984242,0.001616
3717,78131,,1,"The Killing Game (Eve Duncan, #2)",None,0,130,0,5.52132,0.304024,0.576983,4838,2,0.573864,0.628713,73.338562,0.001693
1952,988950,,1,"Dark of the Moon (Virgil Flowers, #1)",None,5,135,0,5.51541,0.36074,0.644113,5826,2,0.577143,0.633663,50.574,0.001586
5010,92227,,1,"The Green Mile, Part 1: The Two Dead Girls",None,2,139,0,5.49009,0.370717,0.754666,7238,2,0.579793,0.637624,50.861998,0.001658
1913,25526965,,1,"End of Watch (Bill Hodges Trilogy, #3)",None,2,179,0,5.48454,0.449482,0.582512,9280,3,0.606971,0.676898,169.25754,0.001653
6503,43758,,1,"The Queen of the Damned (The Vampire Chronicles, #3)",None,2,191,0,5.484022,0.478392,0.571232,10365,2,0.616606,0.689109,154.749502,0.001708
5139,31336,,1,"The Tale of the Body Thief (The Vampire Chronicles, #4)",None,2,152,0,5.449256,0.379543,0.578425,6638,2,0.588578,0.650495,122.808526,0.001712
599,34993,,1,"The Sum of All Fears (Jack Ryan, #6)",None,3,178,0,5.44369,0.469482,0.577223,9093,2,0.606971,0.676238,130.719223,0.001588
3876,153025,,1,Heart-Shaped Box,None,2,198,0,5.410355,0.500104,0.594729,11599,2,0.621921,0.69604,178.619171,0.001653
2692,6356190,,1,"The Little Sisters of Eluria (The Dark Tower, #0.5)",None,2,150,0,5.402174,0.416713,0.724564,8097,2,0.587209,0.648515,42.498298,0.00157
3830,4035,,1,The Burden of Proof (Kindle County Legal Thriller #2),None,3,164,0,5.399221,0.427833,0.636466,8507,2,0.596927,0.662376,83.957148,0.001568
5906,30068,,1,"The Book of the Dead (Pendergast, #7; Diogenes, #3)",None,1,87,0,5.392747,0.230832,0.649024,2428,3,0.546537,0.585809,27.809313,0.001669
1740,23492589,,1,"Finders Keepers (Bill Hodges Trilogy, #2)",None,2,177,0,5.36462,0.460933,0.587442,9150,2,0.606242,0.675248,143.509738,0.001589
1971,9440448,,1,"Buried Prey (Lucas Davenport, #21)",None,5,127,0,5.331201,0.32664,0.6033,4827,2,0.571914,0.625743,58.851442,0.001552
6049,976,,1,Deception Point,None,3,404,0,5.313245,0.918436,0.401555,32689,2,0.833333,0.9,1374.389481,0.001586
5086,147074,,1,"Janet Evanovich Three and Four Two-Book Set (Stephanie Plum, #3-4)",None,4,208,0,5.311201,0.514883,0.505992,10893,2,0.629676,0.705941,229.337712,0.001585
6370,32257,,1,"The Sinner (Rizzoli &#38; Isles, #3)",None,0,142,0,5.303119,0.312233,0.473879,4744,2,0.581797,0.640594,153.764046,0.001674
3323,33124137,,1,Pet Sematary,None,2,181,0,5.290856,0.455095,0.630448,10270,3,0.608434,0.678878,124.405185,0.001594
3473,21681,,1,"Darkness, Take My Hand (Kenzie &#38; Gennaro, #2)",None,5,136,0,5.280213,0.355707,0.593573,5449,2,0.577803,0.634653,65.91351,0.001551
5454,15769,,1,"The Bourne Supremacy (Jason Bourne, #2)",None,3,259,0,5.278901,0.656848,0.512316,17117,2,0.672437,0.756436,337.288111,0.001553
2271,6541,,1,"Cause of Death (Kay Scarpetta, #7)",None,4,85,0,5.273808,0.216573,0.670308,2393,2,0.545946,0.584158,20.793674,0.001578
4712,830502,,1,It,None,2,283,0,5.247301,0.680483,0.496304,19804,2,0.694635,0.780198,463.024558,0.001583
3564,382549,,1,"The Cardinal of the Kremlin (Jack Ryan, #4)",None,3,163,0,5.245602,0.4251,0.632811,8355,2,0.596222,0.661386,85.495768,0.001526
4091,7667,,1,Airframe,None,3,203,0,5.22313,0.528825,0.56738,11633,2,0.625774,0.70099,177.366628,0.001554
2175,715834,,1,"The Apprentice (Rizzoli &#38; Isles, #2)",None,0,130,0,5.209231,0.276225,0.509958,4276,2,0.573864,0.628713,113.620961,0.001653
5655,1017537,,1,Open and Shut (Andy Carpenter #1),None,4,99,0,5.168061,0.212801,0.520924,2527,2,0.554336,0.59802,59.000272,0.001533
787,40482,,1,Harvest,None,0,126,0,5.155182,0.289518,0.551111,4340,2,0.571267,0.624752,90.89027,0.001613
5654,39031,,1,"The Cabinet of Curiosities (Pendergast, #3)",None,1,120,0,5.123784,0.319716,0.628852,4490,2,0.567416,0.618812,56.678266,0.001614
1911,18775247,,1,"Mr. Mercedes (Bill Hodges Trilogy, #1)",None,2,255,0,5.106453,0.620019,0.491709,15924,2,0.668874,0.752475,429.883618,0.001558
5556,6572,,1,Suffer the Children,None,2,170,0,5.075809,0.450117,0.645667,9275,3,0.600476,0.667987,89.862754,0.00157
1918,32254,,1,"The Mephisto Club (Rizzoli &#38; Isles, #6)",None,0,97,0,5.071707,0.197072,0.525773,2448,2,0.553122,0.59604,62.873553,0.001633
5542,7122034,,1,"Fever Dream (Pendergast, #10)",None,1,118,0,5.032095,0.294914,0.559032,3859,3,0.56551,0.616502,75.702477,0.001561
2450,1017873,,1,First Degree (Andy Carpenter #2),None,4,91,0,5.018901,0.192086,0.516484,2115,2,0.54951,0.590099,51.368131,0.001497
5034,3080212,,1,"Heat Lightning (Virgil Flowers, #2)",None,5,129,0,4.966192,0.339975,0.631177,5211,2,0.573212,0.627723,47.623162,0.001443
6569,7746259,,1,The Stand: Soul Survivors,None,2,151,0,4.96465,0.410724,0.669316,7580,2,0.587893,0.649505,61.394689,0.001523
4970,6538,,1,Portrait of a Killer: Jack the Ripper - Case Closed,None,4,132,0,4.935979,0.31509,0.524983,4539,2,0.575171,0.630693,106.860955,0.001512
4682,43814,,1,"The Vampire Lestat (The Vampire Chronicles, #2)",None,2,225,0,4.895029,0.53871,0.506786,12771,2,0.643312,0.722772,297.684687,0.00155
4172,32418,,1,"Hannibal (Hannibal Lecter, #3)",None,2,180,0,4.872525,0.444594,0.576785,9292,2,0.608434,0.678218,170.879521,0.001573
2013,34091380,,1,"The Late Show (Ren&#233;e Ballard, #1; Harry Bosch Universe, #29)",None,5,102,0,4.862856,0.230338,0.609202,3138,3,0.554945,0.60033,45.987268,0.001442
4002,21717,,1,"Triptych (Will Trent, #1)",None,6,143,0,4.858468,0.376678,0.604747,6140,2,0.582468,0.641584,75.53903,0.00149
3112,30069,,1,"The Walking Dead, Vol. 3: Safety Behind Bars",None,3,98,0,4.850123,0.238161,0.68988,3279,2,0.553728,0.59703,33.46154,0.001533
2938,84847,,1,"Ashes to Ashes (Kovac and Liska, #1)",None,4,149,0,4.844503,0.354551,0.539815,5952,2,0.586527,0.647525,126.355542,0.001506
6079,138396,,1,"The Walking Dead, Vol. 2: Miles Behind Us",None,3,107,0,4.820039,0.263575,0.657027,3726,2,0.559247,0.605941,45.548262,0.001531
4435,32438,,1,Shattered,None,2,128,0,4.800337,0.327236,0.724532,5889,3,0.571914,0.626403,36.372966,0.001528
5601,8650,,1,The Lost World (Jurassic Park #2),None,3,235,0,4.792508,0.604172,0.537152,14769,2,0.651613,0.732673,266.396093,0.001457
6160,21683,,1,"Prayers for Rain (Kenzie &#38; Gennaro, #5)",None,5,128,0,4.790227,0.334096,0.588706,4785,3,0.571914,0.626403,62.979271,0.001447
4303,227729,,1,"The Coffin Dancer (Lincoln Rhyme, #2)",None,5,142,0,4.767834,0.367796,0.59115,5918,2,0.581797,0.640594,80.292011,0.001474
732,21685,,1,"A Drink Before the War (Kenzie &#38; Gennaro, #1)",None,5,144,0,4.76254,0.367998,0.558955,5755,2,0.583141,0.642574,84.16786,0.001439
1042,21721,,1,"A Faint Cold Fear (Grant County, #3)",None,6,56,0,4.761254,0.129605,0.708442,1091,2,0.52935,0.555446,8.749275,0.00148
4903,16435,,1,Life Expectancy,None,2,82,0,4.726596,0.217882,0.776573,2579,2,0.544181,0.581188,14.33844,0.001477
5236,1894269,,1,"The Walking Dead, Vol. 8: Made to Suffer",None,3,113,0,4.710298,0.28108,0.630057,3987,2,0.562988,0.611881,57.625048,0.001501
2508,181116,,1,"Monday Mourning (Temperance Brennan, #7)",None,4,113,0,4.705051,0.280207,0.640171,4051,2,0.562988,0.611881,44.766921,0.001488
2604,32439,,1,Intensity,None,2,156,0,4.697713,0.427764,0.634491,7671,2,0.591335,0.654455,76.844119,0.001444
4511,89717,,1,The Haunting of Hill House,None,2,214,0,4.63322,0.536198,0.530297,12086,2,0.634422,0.711881,265.249654,0.001489
3627,20707959,,1,Gray Mountain,None,3,108,0,4.628016,0.253941,0.63361,3661,3,0.559247,0.606601,49.929205,0.001382
6750,13133,,1,The Quickie,None,0,82,0,4.624132,0.176998,0.615778,2045,3,0.543595,0.580858,30.683125,0.001462
633,13154952,,1,Calico Joe,None,3,129,0,4.608271,0.336882,0.791909,6538,2,0.573212,0.627723,26.973986,0.001363
4523,65948,,1,From the Corner of His Eye,None,2,90,0,4.608168,0.23605,0.717353,2873,2,0.548913,0.589109,22.980888,0.001452
4000,550844,,1,Cycle of the Werewolf,None,2,121,0,4.591425,0.314009,0.763636,5544,3,0.566779,0.619142,28.040047,0.001485
5486,6411961,,1,"The Lost Symbol (Robert Langdon, #3)",None,3,352,0,4.590484,0.811836,0.418998,25884,2,0.767477,0.848515,1051.904726,0.001403
5626,23512999,,1,The Bazaar of Bad Dreams,None,2,129,0,4.579399,0.345453,0.76296,6299,3,0.571914,0.627063,32.771953,0.00141
1234,9578677,,1,"The Silent Girl (Rizzoli &#38; Isles, #9)",None,0,98,0,4.541428,0.206972,0.535662,2546,2,0.553728,0.59703,67.659338,0.001475
4304,11125,,1,Digital Fortress,None,3,363,0,4.537279,0.839887,0.418094,27470,2,0.780526,0.859406,1036.051436,0.00139
4071,18656055,,1,"Invisible (Invisible, #1)",None,0,83,0,4.536866,0.170088,0.578313,1968,3,0.544181,0.581848,41.892536,0.001407
4127,7673,,1,Eaters of the Dead,None,3,154,0,4.506618,0.418117,0.650539,7664,2,0.589953,0.652475,73.402751,0.001379
3760,425123,,1,"Gone, Baby, Gone (Kenzie &#38; Gennaro, #4)",None,5,127,0,4.504462,0.327878,0.568429,4548,2,0.571914,0.625743,67.002955,0.001359
4644,7926569,,1,Now You See Her,None,0,103,0,4.49644,0.196574,0.494003,2595,2,0.556781,0.60198,90.03305,0.001438
3513,6587879,,1,Horns,None,2,173,0,4.495931,0.429099,0.627504,9336,3,0.602625,0.670957,120.220114,0.001424
5952,136636,,1,Thunderhead,None,1,111,0,4.471298,0.308027,0.686323,4190,2,0.561735,0.609901,35.586999,0.001425
509,31338,,1,"Memnoch the Devil (The Vampire Chronicles, #5)",None,2,130,0,4.468863,0.328148,0.636136,5334,2,0.573864,0.628713,69.273467,0.001486
4105,13635342,,1,"Snatched (Will Trent, #5.5)",None,6,79,0,4.429194,0.189393,0.68322,2105,2,0.542427,0.578218,16.29497,0.001366
6719,43808,,1,Anne Rice's The Vampire Lestat: A Graphic Novel,None,2,161,0,4.428046,0.417146,0.658851,8486,3,0.594118,0.659076,70.350861,0.001419
4170,6344097,,1,The Stand: Captain Trips,None,2,168,0,4.415967,0.458394,0.646493,9069,2,0.599762,0.666337,82.262604,0.001384
231,66655,,1,Necroscope (Necroscope #1),None,2,134,0,4.387046,0.346172,0.755471,6732,3,0.575827,0.632343,33.151321,0.001446
2425,142540,,1,"The Empty Chair (Lincoln Rhyme, #3)",None,5,111,0,4.377796,0.287194,0.638493,3898,2,0.561735,0.609901,40.015244,0.001364
2577,32446,,1,The Door to December,None,2,113,0,4.352618,0.304289,0.743679,4706,3,0.562361,0.611551,24.425975,0.001399
3260,7663,,1,A Case of Need,None,3,128,0,4.340782,0.343188,0.678396,5514,2,0.572562,0.626733,41.575317,0.001298
6298,547094,,1,I Am Legend and Other Stories,None,2,151,0,4.249626,0.37266,0.654216,7409,2,0.587893,0.649505,106.323519,0.001364
717,128754,,1,"Deadly Decisions (Temperance Brennan, #3)",None,4,106,0,4.219155,0.276009,0.669721,3727,2,0.558628,0.60495,36.447728,0.00136
6717,11737271,,1,Stay Close,None,6,89,0,4.200902,0.201986,0.599591,2348,2,0.548317,0.588119,34.875559,0.001308
824,4673605,,1,"Dean Koontz's Frankenstein, Volume 1: Prodigal Son",None,2,132,0,4.154992,0.355454,0.696276,6020,2,0.575171,0.630693,40.635283,0.001346
2216,19581,,1,Ghost Story,None,2,131,0,4.106422,0.358978,0.723782,6163,2,0.574516,0.629703,37.340818,0.001348
1624,38389488,,1,The Reckoning,None,3,98,0,4.078055,0.25884,0.831475,3952,2,0.553728,0.59703,11.708554,0.001234
883,34201164,,1,The Rooster Bar,None,3,119,0,4.02105,0.298817,0.584105,4101,2,0.566779,0.617822,58.303346,0.001237
5682,13147,,1,"Honeymoon (Honeymoon, #1)",None,0,65,0,4.001403,0.131008,0.59375,1235,2,0.534392,0.564356,21.745603,0.001301
3538,16729,,1,Beach Music,None,3,126,0,3.98988,0.321341,0.645841,5086,2,0.571267,0.624752,58.495627,0.001227
4701,43782,,1,The Mummy (Ramses the Damned #1),None,2,129,0,3.982999,0.336999,0.608769,5026,2,0.573212,0.627723,59.370959,0.001297
3321,34466922,,1,Sleeping Beauties,None,2,137,0,3.958428,0.374849,0.733362,6832,2,0.578465,0.635644,41.278035,0.001258
735,659612,,1,"Seeds of Yesterday (Dollanganger, #4)",None,2,81,0,3.914772,0.211385,0.841049,2725,3,0.543011,0.579868,13.892316,0.001445
6498,11901,,1,"The Witching Hour (Lives of the Mayfair Witches, #1)",None,2,170,0,3.893994,0.438673,0.614828,8832,2,0.60119,0.668317,112.197606,0.001295
4356,156427,,1,Psycho (Psycho #1),None,2,122,0,3.885638,0.315909,0.773201,5707,2,0.568694,0.620792,26.364183,0.0013
1586,2029176,,1,Sail,None,0,66,0,3.880336,0.127181,0.677855,1454,3,0.534392,0.565017,17.180706,0.001291
552,226706,,1,"If There Be Thorns (Dollanganger, #3)",None,2,82,0,3.834585,0.21546,0.839205,2787,3,0.543595,0.580858,14.087748,0.001419
5020,11574,,1,The Body,None,2,101,0,3.822028,0.290032,0.856238,4324,3,0.554945,0.59967,9.183642,0.001225
5498,6566722,,1,"Heat Wave (Nikki Heat, #1)",None,3,144,0,3.819653,0.403235,0.675408,6954,2,0.583141,0.642574,56.757166,0.00118
4667,31340,,1,"Lasher (Lives of the Mayfair Witches, #2)",None,2,127,0,3.802953,0.330156,0.652668,5222,2,0.571914,0.625743,54.062063,0.001255
1821,26109394,,1,Fool Me Once,None,5,132,0,3.800869,0.318971,0.543835,4702,2,0.575171,0.630693,84.045969,0.001192
911,182425,,1,False Memory,None,2,77,0,3.789349,0.20919,0.666097,1949,2,0.541265,0.576238,16.355554,0.00124
309,93795,,1,"The English Assassin (Gabriel Allon, #2)",None,3,84,0,3.757832,0.22673,0.793173,2765,3,0.544181,0.582508,12.1069,0.001174
88,39088984,,1,"Long Road to Mercy (Atlee Pine, #1)",None,5,77,0,3.75579,0.186821,0.620301,1815,2,0.541265,0.576238,20.174256,0.001186
740,11887020,,1,American Sniper: The Autobiography of the Most Lethal Sniper in U.S. Military History,None,3,144,0,3.731475,0.377014,0.725719,7472,2,0.583141,0.642574,65.950407,0.001171
6116,13162,,1,"When the Wind Blows (When the Wind Blows, #1)",None,0,111,0,3.708883,0.265875,0.584111,3566,2,0.561735,0.609901,58.645937,0.001235
5587,943402,,1,Let the Right One In,None,2,123,0,3.69107,0.29676,0.681594,5114,3,0.567416,0.620792,63.738699,0.001266
2931,17212231,,1,"Inferno (Robert Langdon, #4)",None,3,317,0,3.659866,0.7638,0.456794,22879,2,0.728716,0.813861,646.785613,0.001176
1899,11557,,1,Swan Song,None,2,132,0,3.652802,0.356938,0.729586,6308,2,0.575171,0.630693,33.835755,0.001218
3420,31332,,1,"The Vampire Armand (The Vampire Chronicles, #6)",None,2,100,0,3.63985,0.263993,0.648081,3208,3,0.554336,0.59868,38.05367,0.001254
3930,39033,,1,"Still Life With Crows (Pendergast, #4)",None,1,45,0,3.606302,0.104341,0.640404,634,3,0.522774,0.544224,8.314807,0.001226
1410,43448,,1,"Flowers in the Attic (Dollanganger, #1)",None,2,145,0,3.604706,0.373821,0.679215,7091,2,0.583815,0.643564,76.98892,0.00127
3598,226709,,1,"Petals on the Wind (Dollanganger, #2)",None,2,85,0,3.594495,0.221179,0.830812,2966,3,0.545356,0.583828,16.364617,0.001352
5158,92367,,1,Whiteout,None,3,101,0,3.513483,0.277652,0.815644,4119,3,0.553122,0.59868,17.453592,0.001124
4923,5062,,1,Jackdaws,None,3,113,0,3.480438,0.326552,0.795986,5037,2,0.562988,0.611881,18.312747,0.001082
145,32429,,1,Dragon Tears,None,2,63,0,3.442436,0.155307,0.71275,1392,3,0.5327,0.562046,11.280588,0.001178
5786,7907680,,1,"Secrets to the Grave (Oak Knoll, #2)",None,0,99,0,3.415878,0.243319,0.571635,2773,2,0.554336,0.59802,52.014299,0.001154
2485,31259,,1,"The Bourne Ultimatum (Jason Bourne, #3)",None,3,135,0,3.391886,0.379366,0.650415,5883,2,0.577143,0.633663,53.971947,0.001099
3597,43993,,1,The Quiet Game (Penn Cage #1),None,3,97,0,3.384423,0.246797,0.6061,2822,2,0.553122,0.59604,39.045227,0.001111
2455,14781501,,1,"NYPD Red (NYPD Red, #1)",None,0,69,0,3.331149,0.141644,0.615942,1445,2,0.536663,0.568317,24.295771,0.001122
1829,16158596,,1,Lexicon,None,3,100,0,3.280143,0.26657,0.763434,3779,2,0.554945,0.59901,21.217292,0.001054
5581,30065,,1,"The Walking Dead, Vol. 5: The Best Defense",None,3,56,0,3.224864,0.132082,0.631169,972,2,0.52935,0.555446,14.7353,0.001158
2620,18114060,,1,Missing You,None,6,81,0,3.141477,0.164686,0.50463,1635,3,0.543011,0.579868,50.434133,0.001072
1663,16434,,1,The Taking,None,2,92,0,3.11951,0.232808,0.656952,2750,2,0.550109,0.591089,27.980788,0.001058
2949,32430,,1,The Bad Place,None,2,93,0,3.100598,0.242756,0.740065,3166,3,0.54951,0.591419,24.471429,0.001082
5821,296298,,1,The Guns of Navarone,None,3,100,0,3.078695,0.279164,0.854545,4230,2,0.554945,0.59901,9.528009,0.000991
2774,40604658,,1,"Jurassic Park (Jurassic Park, #1)",None,2,162,0,3.065139,0.407995,0.594356,7751,2,0.595519,0.660396,119.852241,0.00106
4837,92373,,1,The Third Twin,None,3,91,0,3.01619,0.271536,0.930891,3812,2,0.54951,0.590099,3.757835,0.00098
1105,142545,,1,"The Stone Monkey (Lincoln Rhyme, #4)",None,5,75,0,2.980546,0.191626,0.608649,1689,2,0.540107,0.574257,19.89162,0.001028
1239,80568,,1,Sam's Letters to Jennifer,None,0,136,0,2.979941,0.311676,0.522658,4798,2,0.577803,0.634653,106.15977,0.001043
3557,452157,,1,The Road to the Dark Tower: Exploring Stephen King's Magnum Opus,None,2,97,0,2.89518,0.25563,0.815722,3798,3,0.551913,0.59538,12.320151,0.00105
3755,7108001,,1,"Abraham Lincoln: Vampire Hunter (Abraham Lincoln: Vampire Hunter, #1)",None,2,156,0,2.883488,0.409622,0.633085,7654,2,0.591335,0.654455,87.476404,0.001014
2785,39664,,1,Rita Hayworth and Shawshank Redemption: A Story from Different Seasons,None,2,96,0,2.882465,0.280785,0.850219,3877,3,0.551913,0.594719,8.990223,0.000992
4413,23717678,,1,The Murder House,None,0,75,0,2.852264,0.14865,0.545586,1514,2,0.540107,0.574257,37.248045,0.001005
5618,43818,,1,Anne Rice's The Tale of the Body Thief (A Graphic Novel),None,2,97,0,2.793948,0.265361,0.814433,3792,3,0.552516,0.59571,11.915168,0.001014
5214,825508,,1,A Dangerous Fortune,None,3,83,0,2.7934,0.243075,0.992654,3378,3,0.540685,0.579868,0.221364,0.000917
1280,9282,,1,The Smoke Jumper,None,0,95,0,2.764871,0.240717,0.652856,2915,2,0.551913,0.594059,29.620284,0.000984
3488,11580,,1,Creepshow,None,2,87,0,2.742624,0.230772,0.802192,3001,3,0.545946,0.585479,14.102311,0.001027
933,52635,,1,The Hellbound Heart,None,2,88,0,2.705524,0.231824,0.846134,3239,3,0.547129,0.586799,9.536903,0.001033
1010,23602561,,1,The Cartel (Power of the Dog #2),None,3,89,0,2.69373,0.243414,0.7357,2881,2,0.548317,0.588119,15.732313,0.000921
6041,46438,,1,"The Last Templar (Templar, #1)",None,3,124,0,2.669911,0.354151,0.677944,5170,2,0.569977,0.622772,41.082687,0.000931
653,116054,,1,Winter Solstice,None,3,70,0,2.658443,0.176969,0.629814,1521,2,0.537234,0.569307,23.763016,0.000999
5715,138397,,1,"The Walking Dead, Vol. 4: The Heart's Desire",None,3,43,0,2.638894,0.091821,0.689922,623,2,0.522234,0.542574,7.218397,0.000994
1842,3465,,1,Three Weeks With My Brother,None,4,103,0,2.631524,0.246629,0.54426,2859,2,0.556781,0.60198,69.147277,0.000931
6106,74824,,1,"The Alexandria Link (Cotton Malone, #2)",None,3,75,0,2.612045,0.16729,0.587387,1630,2,0.540107,0.574257,37.148954,0.000934
3082,6554,,1,Darkness,None,2,90,0,2.582833,0.23746,0.70362,2818,3,0.548317,0.588779,25.204296,0.000969
1170,160149,,1,The Call of Cthulhu and Other Weird Stories,None,2,86,0,2.574745,0.202211,0.692476,2531,3,0.543595,0.583498,34.674721,0.00105
4925,49116,,1,"Harry Potter and the Prisoner of Azkaban (Harry Potter, #3)",None,3,51,0,2.516947,0.10882,0.537255,685,3,0.524403,0.549175,46.316548,0.001064
5887,272264,,1,"The Face of Deception (Eve Duncan, #1)",None,0,71,0,2.514325,0.187024,0.687324,1708,2,0.537806,0.570297,12.738514,0.000905
5876,40940649,,1,I Am Legend,None,2,88,0,2.487757,0.234061,0.850836,3257,3,0.546537,0.586469,9.103809,0.00098
4680,33547,,1,Hell House,None,2,79,0,2.471405,0.195304,0.814671,2510,3,0.540107,0.576898,13.079148,0.000985
5410,52350,,1,The Stepford Wives,None,2,102,0,2.471017,0.279043,0.717725,3697,2,0.556167,0.60099,36.223772,0.000964
5455,37034,,1,The Woman in Black,None,2,82,0,2.465581,0.20152,0.844324,2804,3,0.540685,0.579208,17.914536,0.000985
5350,91661,,1,"The Beekeeper's Apprentice (Mary Russell and Sherlock Holmes, #1)",None,4,128,0,2.452098,0.336278,0.578986,4706,2,0.572562,0.626733,66.283167,0.000885
2014,397867,,1,"The Rats (Rats, #1)",None,2,79,0,2.346272,0.201647,0.705615,2174,2,0.542427,0.578218,17.716985,0.000933
5595,397860,,1,The Fog,None,2,73,0,2.34147,0.200464,0.753044,1979,3,0.53838,0.571947,12.671101,0.000935
5523,5899779,,1,"Pride and Prejudice and Zombies (Pride and Prejudice and Zombies, #1)",None,2,120,0,2.336549,0.313937,0.666387,4758,2,0.567416,0.618812,62.343692,0.000907
5945,41967,,1,Evening Class,None,3,90,0,2.323679,0.246477,0.683895,2739,2,0.548913,0.589109,22.521112,0.000876
6242,10875239,,1,Lethal,None,0,70,0,2.257781,0.163962,0.592547,1431,2,0.537234,0.569307,29.634381,0.000873
4052,35125,,1,Alien,None,2,92,0,2.22499,0.255816,0.79527,3329,3,0.54951,0.590759,12.067128,0.000862
1846,17571466,,1,The Troop,None,2,79,0,2.14376,0.203757,0.813697,2507,3,0.540685,0.577228,12.270518,0.000855
565,430968,,1,Merle's Door: Lessons from a Freethinking Dog,None,4,66,0,2.141369,0.174061,0.771562,1655,2,0.534958,0.565347,7.740502,0.000806
3872,711901,,1,Lone Survivor: The Eyewitness Account of Operation Redwing and the Lost Heroes of SEAL Team 10,None,3,98,0,2.075309,0.250882,0.757416,3600,2,0.553728,0.59703,41.511273,0.000792
958,48037,,1,Carmilla,None,2,71,0,2.026735,0.157453,0.685714,1704,3,0.536093,0.569307,30.381825,0.000914
5355,89724,,1,We Have Always Lived in the Castle,None,2,94,0,2.02216,0.225739,0.644246,2816,2,0.55131,0.593069,44.305236,0.00087
6034,657034,,1,"Heartsick (Archie Sheridan &#38; Gretchen Lowell, #1)",None,4,83,0,2.018367,0.232044,0.688216,2342,2,0.544768,0.582178,20.585508,0.000809
4360,49130,,1,"Harry Potter and the Goblet of Fire (Harry Potter, #4)",None,3,35,0,1.984012,0.07979,0.74958,446,3,0.517418,0.534323,4.839583,0.000879
4865,1225261,,1,"No Time for Goodbye (No Time For Goodbye, #1)",None,3,84,0,1.978528,0.240773,0.699082,2437,2,0.545356,0.583168,16.813714,0.000775
2745,18337259,,1,A Game of Thrones #1,None,2,83,0,1.954795,0.208636,0.634146,2158,2,0.544768,0.582178,35.200037,0.000799
5775,60471,,1,Coming Home,None,3,57,0,1.913243,0.150426,0.676065,1079,2,0.529906,0.556436,13.844501,0.000793
5978,761023,,1,Books of Blood: Volume One (Books of Blood #1),None,2,72,0,1.847371,0.183976,0.79734,2038,3,0.537234,0.570627,8.752935,0.000803
1402,23019294,,1,A Head Full of Ghosts,None,2,65,0,1.829283,0.148916,0.603365,1255,2,0.534392,0.564356,23.253504,0.000827
1934,192341,,1,The Starter Wife,None,0,54,0,1.765046,0.141197,0.880503,1260,3,0.52659,0.552475,2.963082,0.000743
1978,41707,,1,"Atlantis Found (Dirk Pitt, #15)",None,2,81,0,1.760483,0.22681,0.873765,2831,3,0.543011,0.579868,4.960442,0.000742
5660,9293020,,1,The Elephant Tree,None,6,87,0,1.736827,0.239517,0.65544,2452,2,0.547129,0.586139,25.150031,0.000726
5991,826845,,1,The Chrysalids,None,0,50,0,1.732751,0.10695,0.728163,892,3,0.525494,0.549175,13.892998,0.000766
3329,634407,,1,"Knots and Crosses (Inspector Rebus, #1)",None,5,65,0,1.731417,0.168901,0.677404,1409,2,0.534392,0.564356,10.624445,0.000711
6652,77523,,1,Harry Potter and the Sorcerer's Stone,None,3,47,0,1.720157,0.115392,0.599445,648,2,0.524403,0.546535,14.537392,0.000775
2017,2265,,1,It's Not about the Bike: My Journey Back to Life,None,4,55,0,1.610728,0.140829,0.794613,1180,2,0.528796,0.554455,6.999878,0.000684
2715,100247,,1,Vagabonding: An Uncommon Guide to the Art of Long-Term World Travel,None,4,42,0,1.589875,0.09362,0.95122,819,3,0.505506,0.531353,0.775497,0.000674
6644,1059,,1,Shibumi,None,3,59,0,1.589793,0.169516,0.78083,1336,2,0.53102,0.558416,5.590166,0.000667
4421,805023,,1,"My Sweet Audrina (Audrina, #1)",None,2,37,0,1.582226,0.104866,0.857357,571,3,0.517949,0.535974,1.668443,0.000768
5667,209194,,1,"The Man in the Brown Suit (Colonel Race, #1)",None,3,72,0,1.555253,0.208094,0.786385,2010,2,0.53838,0.571287,9.708543,0.00069
5208,13353667,,1,Zoo (Zoo #1),None,2,66,0,1.54622,0.17904,0.689977,1480,2,0.534958,0.565347,17.219323,0.000693
1915,49852,,1,"Harry Potter and the Half-Blood Prince (Harry Potter, #6)",None,3,32,0,1.528335,0.06254,0.768145,381,3,0.498028,0.519802,6.916017,0.000709
6139,542414,,1,"Scorpia (Alex Rider, #5)",None,0,43,0,1.344897,0.081416,0.679956,614,3,0.521694,0.542244,13.524944,0.000689
2955,452235,,1,The Firm,None,3,48,0,1.248843,0.139877,0.867021,978,3,0.523859,0.546865,1.999435,0.000585
322,824318,,1,"The New Bedside, Bathtub and Armchair Companion to Agatha Christie",None,3,41,0,1.242944,0.109754,0.879268,721,2,0.521156,0.540594,1.959827,0.000617
523,1491906,,1,Gang Leader for a Day: A Rogue Sociologist Takes to the Streets,None,3,45,0,1.183396,0.12641,0.854545,846,2,0.523316,0.544554,2.514052,0.000568
662,9912994,,1,"Damned (Damned, #1)",None,2,62,0,1.117497,0.179752,0.874141,1653,2,0.5327,0.561386,5.127261,0.000571
3520,18943,,1,Confessions of an Ugly Stepsister,None,2,50,0,1.106581,0.133139,0.807347,989,3,0.524948,0.548845,8.219749,0.000619
1080,136782,,1,"Stormbreaker (Alex Rider, #1)",None,0,42,0,1.079088,0.080145,0.691057,595,3,0.521156,0.541254,12.28229,0.000613
1937,122211,,1,Disappearing Acts,None,3,38,0,0.969121,0.12041,0.877667,617,3,0.51848,0.536964,1.20565,0.000519
4729,11851522,,1,The Complete Works of H.P. Lovecraft,None,2,39,0,0.926333,0.096806,0.838057,621,3,0.516888,0.536634,2.78601,0.000573
5633,4516,,1,Marina,None,4,44,0,0.920028,0.114131,0.600423,568,3,0.521694,0.542904,8.846584,0.000517
